E(eV),Wavelength(nm),eps1x,eps2x,EELSx,nx,kappax,Rx
0.01361,91097.72226304187,-8145.85,59880.3,1.639655386987841e-05,161.68792896385813,185.17245036079646,0.9893549673823457
0.04082,30373.346398824102,-7111.24,17430.5,4.918422770070649e-05,76.53124799013835,113.87832067135541,0.9838706421186046
0.06803,18224.90077906806,-5670.62,8341.16,8.199240870569583e-05,46.98698106447704,88.76033117081934,0.9815396114961513
0.09524,13018.059638807223,-4348.73,4570.15,0.00011483445741441504,31.303463878874002,72.99751263444507,0.9803498280567972
0.12245,10125.275622703144,-3317.21,2712.21,0.00014772413566041038,21.99594285623838,61.6525060491048,0.9796796943861623
0.14966,8284.377923292797,-2558.23,1711.97,0.00018067556511248593,16.124218527144212,53.086913859359925,0.9792711817071701
0.17687,7009.8942726296145,-2006.82,1136.84,0.00021370250691917506,12.239982768902598,46.43960785991881,0.9790045840417848
0.20409,6074.966926356019,-1603.15,787.435,0.00024683370059187045,9.564187530834694,41.165807208470646,0.9788195078564442
0.2313,5360.311284046692,-1303.34,565.184,0.0002800535790328738,7.657295832340648,36.904934351167476,0.9786841853164572
0.25851,4796.100731112916,-1076.57,417.977,0.0003133947477921497,6.256702355428275,33.40234010311885,0.9785798336519872
0.28572,4339.353212935742,-901.966,317.067,0.00034687229785120195,5.201261876805996,30.479815043912513,0.97849551423266
0.31293,3962.0362381363243,-765.245,245.81,0.00038049760324037674,4.388064934768887,28.008929181097734,0.9784246057944523
0.34014,3645.087316987123,-656.511,194.182,0.00041428733193282904,3.7493616335949276,25.89534152428721,0.9783625705040829
0.36735,3375.091874234381,-568.801,155.926,0.00044825966035915826,3.2392108574082186,24.06851650972181,0.9783063522227073
0.39457,3142.2561269229795,-497.114,127.005,0.0004824453793516723,2.825550747861675,22.474379569383927,0.9782538106651933
0.42178,2939.54194129641,-437.886,104.772,0.0005168277292862379,2.4859449958398345,21.072871719875796,0.9782038723624658
0.44899,2761.397803959999,-388.415,87.4076,0.0005514455865752929,2.203803281018703,19.83108037655611,0.9781550819648502
0.4762,2603.6119277614443,-346.701,73.6564,0.0005863109740036268,1.96694939571012,18.723511687856114,0.9781068566131081
0.50341,2462.8831370056214,-311.222,62.6306,0.0006214479836347709,1.766263873188323,17.729683811893832,0.9780584184747229
0.53062,2336.5873883381705,-280.81,53.6905,0.0006568695777975726,1.594789160160664,16.83310287693169,0.9780094509497304
0.55783,2222.6126239176806,-254.553,46.3675,0.0006925983074465446,1.4471560627365958,16.020214126843477,0.9779595031851923
0.58504,2119.2397101052916,-231.734,40.3135,0.0007286561017775858,1.3191708633860277,15.279862949869893,0.977908217023187
0.61226,2025.022049456113,-211.776,35.2644,0.0007650763930056191,1.207475367060994,14.602533915798967,0.9778553521774834
0.63947,1938.855614806011,-194.236,31.0239,0.0008018561630745404,1.1095060338249048,13.980951456860648,0.9778006687483558
0.66668,1859.7228055438889,-178.736,27.4355,0.0008390249915440711,1.0230784743104027,13.408306737414582,0.9777441089525374
0.69389,1786.7961780685698,-164.973,24.379,0.0008766136727158706,0.9464628043691871,12.879005856045504,0.9776853306797565
0.7211,1719.3731798640965,-152.699,21.7597,0.0009146393821532047,0.8782350010388333,12.388312908425007,0.9776243099611006
0.74831,1656.8534430917666,-141.707,19.5024,0.0009531397651737998,0.8172245696761616,11.932093529522906,0.9775606673464783
0.77552,1598.720858262843,-131.825,17.5467,0.0009921395720916733,0.7624494973743603,11.506794915876723,0.977494351471865
0.80274,1544.5100530682412,-122.907,15.8435,0.0010316694796420642,0.7130768162117778,11.109251934573216,0.9774253679042962
0.82995,1493.8731248870413,-114.837,14.3545,0.0010717441617276273,0.6684575999622986,10.737031040420222,0.9773533915356711
0.85716,1446.4510709785802,-107.509,13.0466,0.0011123939562434194,0.6279858454697216,10.387654510143776,0.9772785235779359
0.88437,1401.9471488178024,-100.835,11.8933,0.0011536647082109209,0.5911741170324278,10.059049996726781,0.9772003439319628
0.91158,1360.1000460738499,-94.7386,10.8723,0.001195597888181073,0.5575919476508403,9.749333760831304,0.9771187070682275
0.93879,1320.6787460454414,-89.1562,9.96532,0.0012382147237411686,0.5268784178311819,9.456944584123155,0.9770336181600259
0.966,1283.4782608695652,-84.0314,9.15689,0.0012815577376360289,0.49871844245259966,9.180420474294321,0.9769448792006639
0.99322,1248.3034977145044,-79.3138,8.43375,0.0013256846659137381,0.47283010360439964,8.918372514471155,0.9768522923728912
1.02043,1215.0171986319492,-74.9646,7.78546,0.0013706060665113482,0.4489965361284933,8.669844167541617,0.9767557392318422
1.04764,1183.4599671642932,-70.945,7.20239,0.0014163804267054352,0.42700050344084234,8.433702000304416,0.9766550495577466
1.07485,1153.5004884402474,-67.2223,6.67657,0.0014630646487830985,0.4066616130612348,8.208999553388804,0.9765499270167258
1.10206,1125.0204163112714,-63.7681,6.20116,0.0015107002261882014,0.3878194985931705,7.99490487519952,0.9764402966253326
1.12927,1097.9128109309554,-60.5571,5.7703,0.0015593472141479886,0.37033489022839006,7.7906513162200035,0.9763258644938805
1.15648,1072.0807969009409,-57.5669,5.37889,0.0016090584474728797,0.3540819907434148,7.595543038925447,0.9762064907112691
1.1837,1047.4275576581904,-54.7767,5.02243,0.0016599169234946085,0.33894638985406716,7.408885520454146,0.9760818414563565
1.21091,1023.8911232048624,-52.1709,4.69735,0.0017119446579184703,0.324840373016143,7.230243513737367,0.9759518331462108
1.23812,1001.3892029851709,-49.7325,4.40019,0.0017652423501182094,0.3116718380189306,7.059011215079212,0.9758160156492779
1.26533,979.8550575739134,-47.4474,4.12803,0.0018198812125423186,0.29936214575632875,6.894709398829789,0.9756741526967752
1.29254,959.2275674253794,-45.3031,3.87832,0.0018759296927608933,0.28784117367242396,6.736909717464019,0.975526044440252
1.31975,939.450653532866,-43.288,3.6488,0.0019334825562133005,0.2770458302439167,6.585192054303013,0.9753712960817108
1.34696,920.4727683078933,-41.3919,3.4375,0.0019926314178643537,0.266920287160555,6.439188337026482,0.9752095439486831
1.37418,902.2398812382658,-39.6048,3.24259,0.0020535009084240033,0.25740983836218906,6.298496632124657,0.9750403404463576
1.40139,884.7215978421424,-37.9197,3.06267,0.0021161505659782693,0.24847602670145666,6.162908431564219,0.974863409950694
1.4286,867.8706425871482,-36.3283,2.89627,0.002180706556430815,0.24007242637283135,6.0320754943804,0.9746783847291117
1.45581,851.6495971314937,-34.8237,2.74217,0.0022472942758710846,0.2321619743204703,5.905725965731934,0.9744847667051338
1.48302,836.0237892948172,-33.3995,2.59928,0.0023160649602049477,0.22471136591079005,5.78359708122631,0.9742818970577294
1.51023,820.9610456685405,-32.05,2.46661,0.002387149746346116,0.21768857877562184,5.665455702529969,0.974069376796467
1.53744,806.4314704964096,-30.77,2.34328,0.002460694857465642,0.21106503112910113,5.551085339585902,0.9738467151313276
1.56466,792.402183221914,-29.5543,2.22847,0.002536899298510078,0.20481344537361554,5.440243427219578,0.9736131658735402
1.59187,778.8575700277032,-28.3992,2.12156,0.0026159300251776736,0.1989161004337537,5.332801104017641,0.9733679226568961
1.61908,765.7682140474836,-27.3004,2.02185,0.0026979593834413457,0.19334693437245914,5.228554583920037,0.9731106493450803
1.64629,753.1115417089334,-26.2541,1.92878,0.0027832405199423238,0.18808827505635572,5.1273265157598145,0.9728402491003652
1.6735,740.8664475649836,-25.2569,1.84183,0.0028720106359173,0.1831223729786647,5.028959514997644,0.9725558762055222
1.70071,729.0131768496686,-24.3057,1.76052,0.0029645047328331767,0.1784319601768346,4.933309027864821,0.9722568146417199
1.72792,717.5332191305152,-23.3975,1.68443,0.0030610399233330808,0.17400327802003793,4.840224906010228,0.9719418122595995
1.75513,706.4092118532529,-22.5297,1.61318,0.003161921731158627,0.1698233249060426,4.749583135569073,0.9716097903955313
1.78235,695.6209498695541,-21.6994,1.54639,0.003267559935482748,0.16587846109598042,4.661213968898614,0.9712592725485245
1.80956,685.1610336214328,-20.905,1.48379,0.0033782336367178,0.1621602424770236,4.575073326651739,0.9708893492157596
1.83677,675.011024788079,-20.144,1.42506,0.003494408294435922,0.15865695659344284,4.491010134688575,0.9704984233585275
1.86398,665.1573514737282,-19.4145,1.36994,0.003616530207059593,0.15535979865379043,4.408926929201452,0.9700849926072694
1.89119,655.5872228596809,-18.7145,1.3182,0.003745203838926704,0.1522626406537027,4.328704645934953,0.9696467166412222
1.9184,646.2885738115095,-18.0423,1.2696,0.0038809490932353876,0.1493559940288833,4.250247900176219,0.9691821165146749
1.94561,637.2500141343845,-17.3964,1.22396,0.00402442602561742,0.14663556202306588,4.173476007844039,0.9686888154010795
1.97283,628.4575964477425,-16.775,1.18107,0.004176409403836614,0.14409395866457492,4.098263421124077,0.9681643226785177
2.00004,619.9076018479631,-16.1772,1.14081,0.00433762705110492,0.14173012796438378,4.024585373572388,0.9676060880434711
2.02725,611.5871254162042,-15.6013,1.103,0.004509086573476139,0.13953857505861433,3.9523121098831995,0.9670108297879377
2.05446,603.4870476913641,-15.0461,1.06751,0.004691842190388359,0.13751726609943632,3.881367155845407,0.966375051891752
2.08167,595.5987260228567,-14.5106,1.03422,0.004886991721754079,0.13566412042073442,3.8116931609941442,0.965695336105296
2.10888,587.9139638101741,-13.9935,1.00302,0.005096022509319925,0.13397940631973335,3.74318720895947,0.9649666587468818
2.13609,580.4249820934511,-13.4938,0.973804,0.005320434015126448,0.1324622862482852,3.675778319931457,0.9641844196210285
2.16331,573.1217439941571,-13.0105,0.946478,0.005561990636289292,0.13111331813655006,3.609389242267004,0.9633431668331726
2.19052,566.0025929916185,-12.5428,0.920983,0.005822739825524583,0.1299368305232259,3.543964387508207,0.9624363426389357
2.21773,559.0581360219684,-12.0898,0.897244,0.006105016754285593,0.12893553317103398,3.4794287421520935,0.9614568998233171
2.24494,552.2820209003357,-11.6505,0.875202,0.006411730214125354,0.12811509919641514,3.4156863847025103,0.9603958318959297
2.27215,545.6681997227296,-11.2242,0.854812,0.00674602850060915,0.12748196047602434,3.3526782801585377,0.9592438135638668
2.29936,539.2109108621529,-10.8102,0.836038,0.007111622862918871,0.12704430036633055,3.2903404465580106,0.9579899724561578
2.32657,532.9046622280869,-10.4075,0.818855,0.007513356248039935,0.1268143845235744,3.2285572456009035,0.9566197855625737
2.35379,526.7419778314973,-10.0155,0.803246,0.007956440634590329,0.1268042822037529,3.16726685424282,0.9551185615644989
2.381,520.722385552289,-9.63373,0.789223,0.008447064749289628,0.12703081300337396,3.1064234784478915,0.9534688448335822
2.40821,514.8388221957388,-9.26127,0.776796,0.008993345187293427,0.12751486055092626,3.045903813264845,0.9516477244039017
2.43542,509.08672836718097,-8.89751,0.765995,0.009604660016039173,0.12828044435373498,2.985626546037463,0.9496296601383422
2.46263,503.4617461819274,-8.54177,0.756874,0.010292747127627186,0.12935841100963574,2.9254920267365176,0.9473829506383783
2.48984,497.9597082543456,-8.19339,0.749508,0.011072098292961291,0.13078610511849253,2.865396134095959,0.9448693301902469
2.51705,492.57662740112437,-7.85172,0.743999,0.0119608138511045,0.1326093543165367,2.8052281976431526,0.9420420576028352
2.54427,487.3067716869671,-7.51595,0.740487,0.012982384843940722,0.13488711596721656,2.744839619003987,0.9388413585817043
2.57148,482.15035699286005,-7.18563,0.739158,0.014165641972803969,0.13769009319914438,2.68413646481791,0.9351964838958953
2.59869,477.1019244311557,-6.85993,0.740254,0.015549393520941125,0.14111121234271165,2.6229453624215715,0.931013636750192
2.6259,472.1581172169541,-6.53809,0.744092,0.01718445616678845,0.145268494868037,2.5610921372729303,0.9261737620734002
2.65311,467.3157162726008,-6.21932,0.751096,0.01913908738062629,0.15031645570288416,2.4983824840994777,0.9205215520718509
2.68032,462.5716332378223,-5.90276,0.761826,0.021506562943665545,0.15645864466054618,2.4345922261210426,0.9138519002346941
2.70753,457.9229039013417,-5.58753,0.777042,0.024416635949023765,0.16396917361228702,2.3694758681816315,0.9058897838938305
2.73475,453.3650242252491,-5.27255,0.797788,0.028055317510996495,0.1732266916380061,2.302728270268954,0.896256196711858
2.76196,448.8986082347318,-4.95708,0.825483,0.032687134628199,0.18474605302572472,2.234101856251989,0.88444044430455
2.78917,444.51933729389026,-4.64011,0.86214,0.0387062777664594,0.19926607460518553,2.163288461691727,0.869719354122914
2.81638,440.2246855893025,-4.32106,0.910563,0.04669389938457961,0.21782784132336935,2.090097837053471,0.8510989580068512
2.84359,436.0122239844703,-4.00011,0.974578,0.05749491278969756,0.24187872064047738,2.014600534969321,0.8272565711882481
2.8708,431.87961543820535,-3.67916,1.059,0.07224871911483456,0.2732924158482596,1.9374851598296638,0.7966242258042407
2.89801,427.8246106811225,-3.36296,1.16878,0.09220746309982614,0.3140966375185961,1.8605420440561102,0.757850126081993
2.92522,423.8450441334327,-3.05974,1.30675,0.11804848206199137,0.36562378603597645,1.7870144803317296,0.7108750065247887
2.95244,419.9374077034588,-2.77942,1.47112,0.1487577126623492,0.4273855448388426,1.721068971289993,0.6580579100210204
2.97965,416.10256238148776,-2.53035,1.65447,0.18101536982215105,0.49642910687451,1.666370864529329,0.6041307744778764
3.00686,412.3371224466719,-2.31557,1.84665,0.21051688030654103,0.5684113689334886,1.6243957289813473,0.5540626232497056
3.03407,408.6392205848909,-2.13289,2.03842,0.23418336196400286,0.6393074077829598,1.5942408731575564,0.5109461607474771
3.06128,405.0070558720535,-1.97742,2.22395,0.2511194641686881,0.7065788447006137,1.573745107626535,0.47554819233529816
3.08849,401.4388908495737,-1.84411,2.40056,0.2619717724156523,0.7690922538744387,1.5606450252923194,0.44722317737720985
3.1157,397.93304875308917,-1.7289,2.56733,0.2679807261944994,0.8265296436602451,1.553077992841677,0.42484899003616133
3.14292,394.48665572143096,-1.62868,2.72415,0.2704248954669688,0.8789801507036024,1.5496083715993947,0.4072811831277244
3.17013,391.10068041373694,-1.54108,2.87101,0.27040037044537124,0.9266579423498585,1.5491206996616094,0.3935272096354291
3.19734,387.77233575409554,-1.46406,3.00822,0.26876242542427,0.9699260494354225,1.5507470913638386,0.38274594229706743
3.22455,384.50016281341584,-1.39586,3.13609,0.2661428119900146,1.0091700069917218,1.5537966736390163,0.37425982719399975
3.25176,381.2827514945752,-1.33493,3.2551,0.26298070627447984,1.044812798115527,1.5577431698152289,0.3675298067575778
3.27897,378.11873850629917,-1.27996,3.36585,0.25956556733702113,1.0772757182205148,1.5622045234435618,0.36213954987695196
3.30618,375.0068054370905,-1.22995,3.46899,0.2560769807429009,1.1069394586428876,1.5669285130792052,0.35778022140411303
3.3334,371.9445611087778,-1.18409,3.56503,0.25263281519407055,1.1341161141260858,1.5717217820977263,0.35421795994080413
3.36061,368.93302108843335,-1.14158,3.65425,0.2493220194716546,1.1590585064964845,1.5763872054421975,0.3512608412842582
3.38782,365.9698567220218,-1.10145,3.73707,0.24620189002311216,1.1820657265510897,1.5807369742897632,0.3487366958541874
3.41503,363.05391167866753,-1.06273,3.81408,0.24329763366312748,1.2034614245203477,1.5846291049670091,0.3465035153332508
3.44224,360.184066189458,-1.02449,3.88595,0.24061331059982624,1.2235684586158395,1.5879577365029403,0.34444664143506387
3.46945,357.35923561371396,-0.985786,3.95353,0.23813327817050736,1.2427369956871583,1.5906543434855809,0.34247158785782483
3.49666,354.5783690722003,-0.945706,4.01793,0.2358200134716088,1.261352434171987,1.5927071178316488,0.34050645354960324
3.52388,351.8394496974925,-0.903392,4.08061,0.23361163016410913,1.2798478904994872,1.5941777262325514,0.33850375484029543
3.55109,349.14350241756756,-0.858256,4.1434,0.23141840301631517,1.298672247140463,1.5952446851479742,0.3364557098713086
3.5783,346.4885560182209,-0.810098,4.20876,0.22911151017017145,1.3183164279089135,1.5962632001316441,0.33440609736691584
3.60551,343.8736822252607,-0.759625,4.2797,0.22652470270294361,1.3392100329794376,1.597844958821971,0.3324819861589247
3.63272,341.29798057653767,-0.70915,4.35945,0.22347331778527466,1.3615436050397085,1.6009219182785042,0.33092358520980525
3.65993,338.7605773880921,-0.663028,4.45024,0.2198274432318919,1.3849787358383019,1.6066095041186146,0.3300638377894947
3.68714,336.2606247660788,-0.626809,4.5517,0.21560938208327193,1.408518167000565,1.6157761066344036,0.3302093630641586
3.71436,333.796400995057,-0.605192,4.66057,0.2110080188067163,1.4308226541444538,1.6286330058097738,0.3314962634619964
3.74157,331.3689173261492,-0.600561,4.77183,0.20629556727034784,1.450674407046335,1.6446936600045723,0.3338519098895406
3.76878,328.9764857593173,-0.612803,4.88046,0.20171843503209233,1.4673069034938975,1.6630672112217382,0.33706481931810556
3.79599,326.6183525246378,-0.639768,4.98238,0.19745168399446128,1.4804592407079236,1.6827143439685424,0.3408613714918065
3.8232,324.29378531073445,-0.678057,5.07545,0.19357204060829897,1.490383399308264,1.7027330022448195,0.34498065087635305
3.85041,322.0020725065642,-0.724746,5.15981,0.19005597869920476,1.4976171487473169,1.7226732494068753,0.34926489629920593
3.87762,319.74252247512646,-0.778833,5.23637,0.1868387094748138,1.502521237971284,1.7425277818602376,0.35368589543347667
3.90484,317.51364972700543,-0.840379,5.30491,0.1838898208202146,1.5051051452704423,1.7623054497786586,0.35825116287169423
3.93205,315.31643799036124,-0.908651,5.36425,0.18121961310027332,1.5053260435226463,1.7817568569553883,0.3629136807968463
3.95926,313.14942691311,-0.982128,5.41385,0.1788263165085564,1.5033437629888287,1.8006028073168752,0.3676056370735747
3.98647,311.0119980835175,-1.05964,5.45424,0.1766751687627253,1.499429744902575,1.8187714424574082,0.37230040435429723
4.01368,308.90354985948056,-1.14155,5.48602,0.1747165063835294,1.4936499425524796,1.836447698925027,0.37705082315151117
4.04089,306.8234968039219,-1.22936,5.50772,0.17294690529555254,1.4855795342357874,1.8537277449885188,0.38193640654499
4.0681,304.77126914284304,-1.32262,5.5148,0.1714676088954659,1.4745448958537013,1.8700007085261232,0.3869011512325596
4.09531,302.7463122449827,-1.41569,5.50301,0.17043885586775326,1.4605651706527543,1.8838632162988662,0.391641669403915
4.12253,300.74735659898164,-1.5002,5.47368,0.1699279340189166,1.444877439264337,1.8941675782504217,0.39578352301840725
4.14974,298.77534496137105,-1.57093,5.43354,0.16984494914799503,1.4291858580027226,1.9009214125562839,0.39915121256426167
4.17695,296.829025963921,-1.62807,5.39004,0.17001595010605042,1.4146526825395729,1.9050753822923674,0.4018293234713768
4.20416,294.9079007459278,-1.67533,5.34811,0.1702731094965253,1.4016141212676794,1.9078396538852442,0.40405045113710836
4.23137,293.01148327846533,-1.71738,5.30942,0.1705052479111916,1.3897631036953044,1.9101888609226068,0.40607076610968373
4.25858,291.1392999544449,-1.75821,5.2729,0.17067286265662593,1.3784224696554002,1.9126574457677707,0.40809447781406755
4.28579,289.29088919429086,-1.79983,5.23561,0.17081367598929298,1.3668402497341192,1.9152238167622158,0.41021012612473856
4.31301,287.46513455800005,-1.8414,5.19441,0.17102261855428522,1.3545734843417634,1.917359988234287,0.4123507489836594
4.34022,285.66293874504055,-1.88008,5.14843,0.1713799297409165,1.3418066201758927,1.9184694435793999,0.4143512767602028
4.36743,283.88319904383127,-1.91377,5.09924,0.17189551776828238,1.3290535916295525,1.918372604428924,0.41609860653788966
4.39464,282.12549833433457,-1.94237,5.04911,0.17252292758733545,1.3167127327542485,1.9173164633406663,0.41759379334539
4.42185,280.3894297635605,-1.96712,4.99937,0.17320876926909026,1.304862819288116,1.9156688067514516,0.4189103854837446
4.44906,278.6745964316057,-1.98929,4.95002,0.17392919000295873,1.2933481567399678,1.9136455927215656,0.42011980091894213
4.47627,276.9806110891434,-2.00931,4.9005,0.17469201332606282,1.2820150747325545,1.911248976936683,0.4212425604449248
4.50349,275.306484526445,-2.02698,4.8506,0.17551129164337542,1.2708476370534394,1.908411306978742,0.4222620654119216
4.5307,273.65307789083363,-2.04216,4.80066,0.17638620745982264,1.2599221967759442,1.9051414493230472,0.42316618154485935
4.55791,272.01941240612473,-2.0551,4.75096,0.17730732993506307,1.2492586204865586,1.9015117935106212,0.4239670900438687
4.58512,270.40513661583554,-2.06603,4.70155,0.17827098415520223,1.2388381701437645,1.8975642312725942,0.42467566772747367
4.61233,268.8099073570191,-2.07506,4.65245,0.17927711526270246,1.228651414711811,1.893315689174242,0.42529525843378785
4.63954,267.23338951706415,-2.08221,4.60378,0.1803254952763959,1.2187186939789103,1.888778773454864,0.4258231864033945
4.66675,265.67525579900354,-2.08761,4.55575,0.18141021757008574,1.2090646432651875,1.8839976941583487,0.4262639579858576
4.69397,264.1346237832794,-2.09147,4.50847,0.18252509654477733,1.1996863418998829,1.8790203082833148,0.4266277982167515
4.72118,262.612313023439,-2.094,4.4621,0.18366200184541107,1.1905908890698127,1.8739014555563074,0.4269251811598616
4.74839,261.10744905115206,-2.09547,4.41667,0.1848136178048016,1.1817539588636032,1.868692703279434,0.42717160847550556
4.7756,259.619733646034,-2.09615,4.37217,0.18597290262211089,1.1731436002877653,1.8634419515767429,0.42738350896460797
4.80281,258.1488753458912,-2.09628,4.32848,0.187136008172776,1.1647101073988992,1.8581791179208627,0.4275764577902133
4.83002,256.69458925635917,-2.09602,4.28551,0.18830043590716952,1.1564187064422737,1.8529231566931268,0.42776094998374575
4.85723,255.25659686693854,-2.09559,4.24307,0.1894638707497961,1.1482073892361588,1.8476932128187613,0.4279531852158475
4.88445,253.8341061941467,-2.09512,4.20088,0.19062917539100482,1.1400065477764265,1.8424806454812832,0.4281642034985638
4.91166,252.42789606772453,-2.09458,4.15862,0.19180600636991,1.1317569280920365,1.8372407964892146,0.4283941413337122
4.93887,251.03718056964448,-2.09372,4.11601,0.1930115384891682,1.1234326416882392,1.831889980432945,0.4286265453031823
4.96608,249.66170500676589,-2.09225,4.07298,0.1942596896255892,1.1150534338082785,1.826360906351106,0.42884006587346113
4.99329,248.3012202375588,-2.08991,4.02958,0.19556094652158043,1.1066592455548427,1.820605582154469,0.4290139072191883
5.0205,246.95548252166117,-2.08645,3.98595,0.19692386825852154,1.0983072839728207,1.8145878016860342,0.42912620484393005
5.04771,245.62425337430238,-2.08171,3.94235,0.19835084509262849,1.0900688988582226,1.8083031284212219,0.4291598814681968
5.07493,244.30681802507618,-2.07563,3.8991,0.19983885470687707,1.0820168079383394,1.8017742291033785,0.4291040785256733
5.10214,243.00391600387286,-2.06841,3.85657,0.20137219785071048,1.0742037067339973,1.7950831745523825,0.4289677395290709
5.12935,241.71483716260346,-2.06033,3.8149,0.202937249575824,1.0666266151328598,1.7883015227052126,0.4287689388634583
5.15656,240.43936267589245,-2.05169,3.77407,0.2045229822778442,1.0592473119858934,1.7814867015920552,0.42853005434057745
5.18377,239.1772783128881,-2.0427,3.73394,0.2061249891579329,1.0520132860890925,1.7746638989138115,0.4282684455564476
5.21098,237.9283743173069,-2.03342,3.69434,0.20774624305067269,1.0448834667449018,1.767823933279795,0.4279900158290607
5.23819,236.69244529121698,-2.02382,3.65513,0.20939316701771057,1.037833464466029,1.760942446522759,0.4276930002052727
5.2654,235.4692900824249,-2.01379,3.61626,0.21107372676710615,1.030867343129442,1.7539890191021021,0.4273674712776244
5.29262,234.2582690614478,-2.00327,3.57779,0.21279051981590827,1.0240062933452523,1.7469570369103766,0.42700596147527176
5.31983,233.06007898748643,-1.99232,3.53985,0.2145379628556482,1.0172718571354278,1.7398741423792017,0.42661029609621437
5.34704,231.87408360513479,-1.98107,3.50243,0.21631081951019687,1.010647185417483,1.7327659199650367,0.4261908375874945
5.37425,230.70009768804948,-1.96962,3.46541,0.2181084854702017,1.0040951888274972,1.725638185781286,0.425757543909299
5.40146,229.53793974221782,-1.95794,3.42866,0.21993762000447983,0.9975923427337503,1.7184674807167613,0.42530912019664974
5.42867,228.3874319124205,-1.94594,3.39205,0.22180865216389953,0.9911221824037348,1.7112168712506146,0.4248388089923859
5.45588,227.24839989149322,-1.93343,3.35558,0.22373413983022664,0.9847090962795425,1.7038433039149092,0.42432786215192664
5.4831,226.1202604366143,-1.92026,3.31936,0.22572159240229486,0.9783970350086638,1.6963256639318243,0.42375843567714044
5.51031,225.0036749293597,-1.90638,3.28356,0.22777111464235,0.9722313267000253,1.688672186250751,0.4231202518075187
5.53752,223.898062670654,-1.89179,3.24839,0.2298783794185,0.9662608000780981,1.6809074732916045,0.4224064461747972
5.56473,222.80326269199043,-1.87662,3.21402,0.23203194520907158,0.9605096102568229,1.6730806051699103,0.42162335423898895
5.59194,221.7191171579094,-1.86107,3.18054,0.2342177266391653,0.9549753787070551,1.6652471209813526,0.420786200538716
5.61915,220.64547129014173,-1.84534,3.14794,0.23642402372562546,0.9496330527078038,1.6574507337459965,0.41991306553148083
5.64636,219.58217329394512,-1.82958,3.11616,0.23864327471650087,0.9444522312882048,1.6497181629554998,0.4190189078423135
5.67358,218.5286891169244,-1.8139,3.08506,0.24087299582528193,0.9393888041784668,1.642057040853286,0.4181171482356478
5.70079,217.4856467261555,-1.79839,3.05453,0.2431106695867115,0.9344073294036741,1.6344745508093133,0.41721914721031333
5.728,216.45251396648044,-1.78304,3.02441,0.2453626043143351,0.9294733181081858,1.6269482625686167,0.41632751924522315
5.75521,215.429150282961,-1.7678,2.99457,0.24763726073875916,0.9245638826914538,1.6194500218214505,0.41544016125903566
5.78242,214.41541776626394,-1.75257,2.96494,0.24994497709306707,0.9196763737481853,1.611947465778774,0.41454814143415447
5.80963,213.41118109070626,-1.73725,2.93548,0.2522956353435511,0.9148151082216478,1.6044116311690666,0.41364147433476833
5.83684,212.41630745403336,-1.72171,2.90623,0.2546988004430904,0.9100074078346743,1.5968166714792225,0.4127044287582235
5.86406,211.43030596549147,-1.70588,2.87726,0.2571587785352955,0.9052801216040552,1.5891545231888098,0.41172644394847896
5.89127,210.45377312531934,-1.68978,2.84871,0.25966990314366895,0.9006651109276034,1.5814479574245344,0.4107046374277094
5.91848,209.48621943471971,-1.67344,2.82066,0.26222782837729625,0.8961791263365111,1.5737144043571796,0.4096386991276399
5.94569,208.52752161649866,-1.65696,2.79315,0.26482375503511885,0.8918199983064314,1.5659830488799307,0.4085373994158758
5.9729,207.57755863985668,-1.64044,2.76617,0.26745040838060624,0.8875733880354837,1.5582767787363025,0.40741130897104444
6.00011,206.6362116694527,-1.62394,2.73967,0.2701052290332061,0.8834204608587019,1.5506036600833242,0.4062679757461969
6.02732,205.70336401584785,-1.6075,2.7136,0.27278718956857284,0.8793447801563412,1.5429670256969863,0.4051129582094276
6.05454,204.77856286357013,-1.59111,2.68788,0.27550113826093764,0.8753292049805235,1.535353775874419,0.4039470569004386
6.08175,203.8623751387347,-1.57476,2.66252,0.27824776744279756,0.8713784838697358,1.5277632218871873,0.4027684155880598
6.10896,202.95434902176476,-1.55848,2.6375,0.281025594258436,0.867484344743244,1.5202003448146615,0.4015808795229394
6.13617,202.05437593808514,-1.54228,2.6128,0.28383489945867135,0.8636411893463729,1.5126652319451313,0.40038602206483975
6.16338,201.1623492304547,-1.52617,2.58836,0.28667811047643943,0.8598332857559131,1.505152244556613,0.3991867770202751
6.19059,200.27816411682892,-1.51017,2.56416,0.2895546645955499,0.8560532239756288,1.4976638882870443,0.39798617792372826
6.2178,199.40171764932933,-1.49429,2.54015,0.2924666212495573,0.8522873055628868,1.490195843244654,0.39678712093642926
6.24502,198.53259076832418,-1.47854,2.51628,0.2954161966122216,0.8485215674395256,1.482743690059084,0.39559264531846977
6.27223,197.67132263963532,-1.46297,2.49247,0.2984033431315932,0.8447282742942984,1.4753087329071919,0.39441207750118223
6.29944,196.8174948884345,-1.44754,2.46855,0.30144297147121807,0.8408692841609331,1.4678559714922033,0.39324663453999326
6.32665,195.9710115147827,-1.43214,2.44435,0.3045588105337722,0.8369160598192948,1.4603316373972912,0.3920885908629314
6.35386,195.13177816319526,-1.41653,2.41979,0.3077853211306612,0.8328821278505408,1.4526605380793012,0.3909097432480829
6.38107,194.2997020875809,-1.40046,2.39488,0.3111551760561286,0.8288062584266148,1.4447767350034137,0.3896762419401501
6.40828,193.47469211707352,-1.38369,2.36977,0.31469344572363694,0.8247632580502474,1.4366364995466527,0.38834900445233245
6.43549,192.65665862273113,-1.3661,2.34467,0.31840893742046583,0.820827340610797,1.42823580794426,0.3869012151454927
6.46271,191.84521663512672,-1.34762,2.31982,0.32230266457746953,0.8170748481592156,1.4195884289097334,0.38531049110482635
6.48992,191.04087569646467,-1.32834,2.29543,0.3263573691313989,0.8135514820138169,1.4107466157630426,0.3835768026047477
6.51713,190.24325124709802,-1.30834,2.27164,0.330559711012823,0.810286802846412,1.401750585113864,0.3817015227993388
6.54434,189.4522595097443,-1.28771,2.24855,0.3348959903190248,0.8072986900289003,1.3926382067580863,0.3796892817662056
6.57155,188.66781809466562,-1.26656,2.22624,0.33934936359697365,0.8045967697670154,1.3834507443055266,0.3775488485861698
6.59876,187.8898459710612,-1.24499,2.20478,0.3439028393471895,0.8021895385336835,1.374226348071119,0.37528864437616277
6.62597,187.11826343916437,-1.22313,2.18419,0.3485372707567487,0.8000669827144848,1.3650044603699505,0.37292416450798205
6.65319,186.3527120073228,-1.20113,2.16448,0.3532295332015484,0.798212540606148,1.3558293624128819,0.3704751817001852
6.6804,185.59367702532782,-1.17912,2.14557,0.3579652196040511,0.7965873282294076,1.3467261679701876,0.3679630744314745
6.70761,184.8408002254156,-1.15715,2.12733,0.3627452403006098,0.7951506063778662,1.337689981581341,0.3654000400598525
6.73482,184.0940069667786,-1.13518,2.10965,0.3675824396946253,0.7938811601446506,1.3286938309605476,0.3627842198230049
6.76203,183.3532238100097,-1.11313,2.0925,0.3724890601306582,0.7927864670240136,1.3197122346543648,0.36010438415568624
6.78924,182.61837849302717,-1.09089,2.07591,0.37747638790547705,0.791896202913069,1.31072102149471,0.35734207678928404
6.81645,181.88939990757652,-1.06846,2.06,0.3825294157438551,0.7912473787736506,1.3017420690813417,0.35449210048952545
6.84367,181.16595335543647,-1.04584,2.04487,0.387632899959039,0.7908718607203626,1.292794763324515,0.3515504158333197
6.87088,180.44850150199102,-1.02316,2.03064,0.3927467114609813,0.7907848968506158,1.283939544171391,0.3485331330254772
6.89809,179.7367097268954,-1.00057,2.01735,0.39783338933180523,0.7909749900719127,1.275229953741388,0.3454635907835581
6.9253,179.0305113135893,-0.978256,2.00494,0.4028597504443068,0.7913947706743315,1.266712944218491,0.3423754240153654
6.95251,178.3298405899452,-0.95631,1.99325,0.40781988070142633,0.7919835600449127,1.2583910200654698,0.33929146829682955
6.97972,177.63463290791032,-0.934707,1.98215,0.41272471872011557,0.7927091387018458,1.2502378887961372,0.33621469973531276
7.00693,176.94482462362262,-0.91336,1.97158,0.41758781958071045,0.7935703287057202,1.2422213436429534,0.3331353530634584
7.03415,176.26010249994667,-0.89221,1.96157,0.42240662391401074,0.794586924902321,1.2343331726992217,0.33004492099162686
7.06136,175.58090792708487,-0.871287,1.9522,0.4271561303116606,0.7957768726988813,1.226600110517854,0.3269478596836507
7.08857,174.90692763138404,-0.850626,1.94347,0.4318207853732991,0.79713400457673,1.219035939278467,0.3238523488792326
7.11578,174.23810179628936,-0.830275,1.93541,0.4363780146249625,0.7986579245638469,1.211663930497492,0.32076800815058676
7.14299,173.57437151668978,-0.810303,1.92807,0.4407979466023829,0.8003495285611167,1.2045174834214742,0.3177076517046966
7.1702,172.9156787816239,-0.790837,1.92147,0.44504534969340526,0.8021892812071993,1.1976412830575451,0.3146948049187304
7.19741,172.2619664573784,-0.77209,1.91559,0.4490778319819681,0.8041283615203633,1.191097150446354,0.3117683904947109
7.22463,171.6129407319129,-0.754279,1.91025,0.45288138474762035,0.8060694851041883,1.1849164590029675,0.3089718454890347
7.25184,170.96902303415408,-0.737508,1.90512,0.45649108143828593,0.8078929924043201,1.179067041001489,0.3063325590333569
7.27905,170.32991942629874,-0.72169,1.89993,0.45996794339637825,0.8095339681562018,1.1734714506960646,0.3038435396867687
7.30626,169.69557612239367,-0.706679,1.89446,0.4633773832924076,0.8109543064981921,1.168043615293523,0.30148577120046444
7.33347,169.06594013475203,-0.692305,1.88856,0.46677845585278993,0.8121417598324198,1.162703417928966,0.2992339638166844
7.36068,168.44095925919885,-0.678376,1.88216,0.47022021933669295,0.8131125230129421,1.157379788608939,0.2970570835726668
7.38789,167.8205820606425,-0.664742,1.87522,0.4737399520455973,0.8138838132714465,1.1520194709748925,0.29493019946271565
7.41511,167.20453236701815,-0.651319,1.86767,0.4773710099180947,0.814451258463406,1.1465818123503555,0.2928396755378066
7.44232,166.59321286910534,-0.63797,1.85929,0.48118706768056213,0.8147782163674696,1.1409792030825783,0.29076538350069253
7.46953,165.98634719989076,-0.624269,1.84986,0.48531180497176346,0.8148886311671061,1.135038537321707,0.2886382030391941
7.49674,165.38388686282303,-0.609531,1.83943,0.48985750455445076,0.8149414628223178,1.1285657215364018,0.2863399418048291
7.52395,164.78578406289247,-0.593131,1.82853,0.4948223322518591,0.8152276256587246,1.1214843207272946,0.2837537420702057
7.55116,164.19199169399135,-0.574865,1.81798,0.5000603698024477,0.8160389810918574,1.1139051210320547,0.280830015434035
7.57837,163.60246332654648,-0.554967,1.80852,0.5053520392445071,0.8175533431774323,1.1060562684333002,0.2775979549267429
7.60558,163.01715319541705,-0.533854,1.80061,0.5104932536803376,0.8198259538349658,1.0981660141260117,0.27412658222504405
7.6328,162.4358033749083,-0.511974,1.79455,0.5153010900419496,0.8228544877478109,1.0904418865793408,0.2704967578384663
7.66001,161.85879652898626,-0.489861,1.79055,0.5195974464243576,0.8265858702728449,1.0830998111599486,0.26680829811552187
7.68722,161.28587447737934,-0.468118,1.78864,0.5232439151057156,0.8308925242992964,1.076336558394472,0.2631756032577634
7.71443,160.7169939969641,-0.44739,1.78858,0.5261804271881692,0.8355523626667324,1.0702979728832334,0.25971988005314933
7.74164,160.15211247229269,-0.428182,1.78983,0.5284674274437048,0.8402834490467697,1.065015621829997,0.25653460152550095
7.76885,159.59118788495078,-0.410631,1.79161,0.5302999476980216,0.8448178337350793,1.0603528526848185,0.2536452106520073
7.79606,159.034178803139,-0.394424,1.79321,0.5319247399491221,0.8490145080224373,1.056053803000861,0.2509969294722719
7.82328,158.48084179525722,-0.378926,1.79427,0.5335341869339709,0.8529125444125447,1.0518487573868598,0.24848069411767146
7.85049,157.93154312660738,-0.363502,1.79486,0.5351950032584608,0.856678768928683,1.0475688584208505,0.2459903124988994
7.8777,157.38603907231806,-0.347746,1.79536,0.536850649979098,0.8605177650341421,1.0431859009492772,0.24346148898023606
7.90491,156.84429044732957,-0.331587,1.79618,0.538388961532466,0.864564395780217,1.0387774518398114,0.24088752078407002
7.93212,156.3062586042571,-0.315138,1.79756,0.5397212720686507,0.8688604733757241,1.0344353639520874,0.23829203167359775
7.95933,155.77190542420027,-0.298457,1.79955,0.5408184439855591,0.873405629968156,1.0301914358312592,0.23568889777643412
7.98654,155.24119330774028,-0.281409,1.80216,0.5416817957722923,0.8782339718924056,1.0260136009751093,0.23306159182588576
8.01376,154.7138921055784,-0.263729,1.80563,0.542255220351244,0.8834759175702264,1.0218897675026173,0.23037813681905867
8.04097,154.19035265645812,-0.245177,1.81041,0.5424130687144721,0.8893141370104908,1.0178686724163948,0.22761769699614565
8.06818,153.67034448909172,-0.225628,1.81731,0.5419105991919655,0.8960007955581278,1.0141229834890826,0.22478949087029262
8.09539,153.15383199574077,-0.205393,1.82752,0.540364148872894,0.9037789358563473,1.0110437007852981,0.22198413857179408
8.1226,152.64078004579812,-0.185679,1.84233,0.5373329143018685,0.9126840024615451,1.0092923701035421,0.21943304030304558
8.14981,152.13115397782278,-0.168755,1.86239,0.5325717589303633,0.9222974004533875,1.009647213081419,0.2174992516648462
8.17702,151.62491959173389,-0.15738,1.88685,0.5263221923875936,0.9316710972465343,1.012615935804173,0.21654724656076935
8.20424,151.12185894123036,-0.153655,1.9132,0.5193346990542965,0.9396023988633962,1.0180902061948385,0.21676386778287055
8.23145,150.62230834178666,-0.158013,1.93795,0.5126013368054259,0.945084180209947,1.0252790389367705,0.21805813311468708
8.25866,150.126049504399,-0.168929,1.95788,0.5069822963695741,0.9476880336464951,1.0329770612732696,0.22009494604448243
8.28587,149.6330499995776,-0.183466,1.97114,0.5029633854382041,0.9476797287613336,1.039982148070415,0.2224196943455287
8.31308,149.1432778224196,-0.198378,1.97776,0.5005861405069254,0.945861034280784,1.0454812749020015,0.22460973019636188
8.34029,148.65670138568322,-0.211325,1.97934,0.49952490304113767,0.9432030883366768,1.0492650122099016,0.22640640090990688
8.3675,148.17328951299672,-0.221424,1.97798,0.4993091556099615,0.9404549468357519,1.0516080577039324,0.227749813733304
8.39472,147.69283549659787,-0.228871,1.97537,0.4995285622488147,0.9380068136333838,1.052961434442237,0.22870767402384196
8.42193,147.21566196821868,-0.234331,1.97266,0.49987602392942454,0.9360016714910827,1.0537694857197664,0.2293955822885878
8.44914,146.74156186310086,-0.238713,1.97048,0.5001503478158958,0.934391173158171,1.0544192071827518,0.2299506549225965
8.47635,146.27050558318143,-0.243093,1.96897,0.5002544416255424,0.9329594370202022,1.0552280848826252,0.23052329455193718
8.50356,145.8024639092333,-0.248416,1.96756,0.5002691502419312,0.9313334492700577,1.0563133974958676,0.2312316330414747
8.53077,145.33740799482342,-0.255061,1.96516,0.5004341913529585,0.9291346087061161,1.057521688238812,0.2321062693086003
8.55798,144.87530936038644,-0.262504,1.9606,0.5010656257150495,0.9261725602409935,1.0584420680147577,0.23305330823447262
8.5852,144.41597167218,-0.269474,1.95339,0.5023700640695622,0.9226092439449083,1.058622603675453,0.23388952824406886
8.61241,143.95970465874242,-0.274768,1.94403,0.5043206309692542,0.9188535656257473,1.0578562638955962,0.23445757419075228
8.63962,143.50631162018698,-0.277882,1.93349,0.5067326222918678,0.9152799010934585,1.0562288091818226,0.23470242775084343
8.66683,143.0557654874966,-0.278858,1.92257,0.5094199934147488,0.9120937821278612,1.0539321929784222,0.23464017967999232
8.69404,142.60803953052897,-0.277923,1.91181,0.5122394155990119,0.9093905790672392,1.0511490024236567,0.23430808725905383
8.72125,142.1631073527304,-0.275327,1.90162,0.5150700861776843,0.907226901899183,1.0480399093210093,0.2337452240952985
8.74846,141.72094288594792,-0.271364,1.89231,0.5178061723752813,0.9056225111244459,1.0447564944308063,0.2329967069182443
8.77567,141.2815203853381,-0.266422,1.88418,0.5203314514130057,0.9045719263882995,1.0414760534980336,0.23212296891457954
8.80289,140.84465442598963,-0.261021,1.87736,0.5225612234151654,0.9039905496202358,1.0383736869753086,0.2312024801799418
8.8301,140.41064087609425,-0.255735,1.87168,0.5244877897249011,0.9036966445783435,1.0355687449040536,0.23031733398432733
8.85731,139.97929393913049,-0.250911,1.86664,0.5262141229303489,0.9034702679110308,1.0330389755470168,0.22951021747645456
8.88452,139.55058911454978,-0.246418,1.86167,0.5279031496452267,0.9031859214569166,1.0306128316288223,0.2287514619040492
8.91173,139.12450220103165,-0.241752,1.85654,0.529655383480854,0.9029014001999288,1.0280967554092328,0.22796222205146455
8.93894,138.70100929192944,-0.236464,1.85153,0.5314260186401011,0.9028024868308306,1.0254347030542375,0.22708139077853357
8.96615,138.28008677079904,-0.230473,1.84719,0.5330643833381484,0.9030613147537955,1.022737863875614,0.22610804464217168
8.99337,137.86155801440393,-0.224067,1.84398,0.5344144216312557,0.90373574938082,1.0201986594330108,0.225095114657834
9.02058,137.44570748222395,-0.217809,1.84218,0.5353512475310762,0.9047658721399209,1.0180423779927394,0.22413337228960875
9.04779,137.0323581780744,-0.21242,1.84171,0.5358453201144084,0.9059524342437617,1.0164496116936625,0.22332917985188988
9.075,136.62148760330578,-0.208553,1.84205,0.5360027904613933,0.9069910065664843,1.015473134057462,0.22276795772313804
9.10221,136.21307352829697,-0.206416,1.84226,0.536081536520671,0.9075714494012432,1.014939375415238,0.2224588506071679
9.12942,135.80709398844613,-0.205612,1.84152,0.5363433545051911,0.907565724301148,1.0145380938763549,0.2223244690409412
9.15663,135.403527280233,-0.205398,1.83944,0.5369486659379422,0.9070485617750158,1.0139699667239284,0.22224692046267022
9.18385,135.00220495761582,-0.205095,1.8361,0.5379208933330797,0.9062075350440345,1.0130681598839166,0.22212848177300146
9.21106,134.60340069438263,-0.204263,1.83178,0.5392121833688487,0.9052266472689712,1.0117797600890335,0.22191060407696972
9.23827,134.20694567272875,-0.202653,1.82682,0.5407449347601951,0.9042601929100316,1.0101185556565564,0.22156361375066222
9.26548,133.81281919555164,-0.200171,1.8216,0.5424181037806018,0.9034362565099946,1.0081508168804867,0.22108123937241828
9.29269,133.4210008081621,-0.196865,1.8164,0.5441476170286863,0.9028211786257933,1.0059577926410563,0.22047603332838375
9.3199,133.03147029474565,-0.192877,1.81145,0.5458554366045892,0.9024445970341871,1.0036350186777045,0.21977369764677984
9.34711,132.6442076748856,-0.18836,1.80683,0.5475053056259618,0.9022919781797436,1.0012446323888657,0.21899862557295907
9.37433,132.25905211359103,-0.183421,1.80255,0.5490842135072236,0.9023405946683994,0.998819077103817,0.2181670826655985
9.40154,131.87626707964864,-0.178114,1.79861,0.5505854825379765,0.9025778864008542,0.9963738460135498,0.21728739757194848
9.42875,131.49569136948162,-0.172444,1.79498,0.5520144682568744,0.902995109484659,0.993903500221833,0.21636002784209218
9.45596,131.11730591076952,-0.166367,1.79165,0.5533733223689361,0.9036012893237042,0.9913941144002524,0.21537871367987804
9.48317,130.7410918500881,-0.159768,1.78867,0.5546493710598358,0.9044399486449496,0.988827396821548,0.2143283014991944
9.51038,130.36703054977824,-0.152519,1.78621,0.5557923446525678,0.905591171368817,0.9862121321810771,0.21319513557005274
9.53759,129.99510358486788,-0.144577,1.78452,0.5567205741388411,0.9071356129030411,0.9836015556092701,0.21198099788919803
9.56481,129.62515721692327,-0.136049,1.78393,0.5573186664981775,0.9091373039243712,0.9811114296484751,0.2107129514156008
9.59202,129.2574452513652,-0.127173,1.78466,0.5574999249348379,0.9115954063635704,0.9788662752915553,0.20943533633212622
9.61923,128.8918135859107,-0.11817,1.78679,0.5572256178484354,0.9144734398030816,0.9769501891628253,0.2081864426684308
9.64644,128.52824461666685,-0.1091,1.79041,0.5564650383731794,0.9177774691938992,0.9754052916403307,0.20698138921177928
9.67365,128.16672093780525,-0.100006,1.79596,0.5550841284869741,0.9216116875998661,0.9743583030490751,0.20584358363761335
9.70086,127.80722533878438,-0.0914534,1.80419,0.5528448581316914,0.926027260485223,0.9741559870789518,0.20488126586844943
9.72807,127.44974080161839,-0.0848565,1.81547,0.549620793056097,0.930751187998437,0.9752713847747723,0.2043083957042852
9.75529,127.09412021580084,-0.081959,1.82905,0.545636326660096,0.935127358756079,0.9779683926866555,0.20433993074548476
9.7825,126.7406082289803,-0.0837451,1.84296,0.5414872878393291,0.9383806877143547,0.981989518821492,0.2050355000969643
9.80971,126.38905737274597,-0.0897386,1.85504,0.5378133457279083,0.9400719943528035,0.9866478371569349,0.20624708756112964
9.83692,126.03945137299074,-0.0983995,1.86402,0.5349841094289696,0.9402701452490843,0.9912151361065538,0.2077191412136218
9.86413,125.69177413517461,-0.108134,1.86976,0.5330451411418932,0.9393482451972984,0.9952432495401533,0.20923305634858777
9.89134,125.346009741855,-0.117911,1.87273,0.5318713471254721,0.9376905913389827,0.9985863233019222,0.21066816894310314
9.91855,125.00214245025734,-0.12716,1.8734,0.5313408231187191,0.9355614982859227,1.0012169180926782,0.2119652352245386
9.94576,124.66015668988594,-0.135411,1.87214,0.5313682023578465,0.9331719344760299,1.0031056072486764,0.21307337866387488
9.97298,124.31991240331375,-0.142173,1.86947,0.5318350499184886,0.9307779882436102,1.0042512949450562,0.2139403662817241
10.00019,123.98164434875737,-0.14712,1.86617,0.5325470826168606,0.9286657470117872,1.0047587121657422,0.21454135713754896
10.0274,123.64521211879449,-0.150408,1.86315,0.5332502580917932,0.9270391562167355,1.004892828693208,0.21492074124051808
10.05461,123.31060080898213,-0.152661,1.86105,0.5337396286289754,0.9259157237811413,1.0049780731663527,0.2151813813224178
10.08182,122.97779567578075,-0.154626,1.85997,0.5339528280049491,0.9251378927080892,1.0052393349468394,0.215429990516856
10.10903,122.64678213438874,-0.156782,1.85962,0.5339489909281101,0.9245094197978584,1.0057333977227627,0.21572588464667997
10.13624,122.3175457566119,-0.159202,1.85967,0.5338176380507793,0.9239237024191415,1.0063980365103533,0.21607034230427571
10.16346,121.98995224067393,-0.161758,1.86007,0.5335789149035547,0.9233992268819907,1.0071862450442113,0.21644376260185033
10.19067,121.66422816164196,-0.164492,1.86106,0.5331630564305527,0.9229905926588666,1.0081684552378962,0.2168582508588324
10.21788,121.34023887538315,-0.167794,1.86283,0.5324972395612662,0.9226531680987176,1.0094963440263667,0.2173739142180504
10.24509,121.01797055955585,-0.172217,1.86523,0.5315951378378165,0.922211076735622,1.011281498918019,0.2180652251927728
10.2723,120.69740953827282,-0.178165,1.86778,0.5305673322864564,0.92143725143682,1.0135144835351102,0.2189774637016316
10.29951,120.37854228016673,-0.185753,1.86987,0.5295704978777797,0.9201414854122921,1.01607743463613,0.2201127837089098
10.32672,120.06135539648601,-0.194909,1.87091,0.5287605083420743,0.9181846997713443,1.018809178842728,0.22144928322433766
10.35394,119.74571998678763,-0.205371,1.87024,0.5283201293972661,0.9154537408722234,1.0214825263688792,0.2229388302129363
10.38115,119.43185485230441,-0.216462,1.86723,0.5284508010425576,0.9119410617007147,1.0237668191613882,0.22447679071709317
10.40836,119.11963075835193,-0.227094,1.86169,0.5292709200052224,0.9078534096942754,1.0253252232796781,0.22590885282949053
10.43557,118.80903486824388,-0.236249,1.85416,0.5307118095526697,0.9035765916085869,1.0260115286403906,0.22710184043119847
10.46278,118.50005447882874,-0.243484,1.84557,0.5325685439841457,0.8994659529102743,1.0259254361038075,0.2280080429971305
10.48999,118.19267701875786,-0.248906,1.83671,0.5346332558085616,0.8957099991670553,1.0252816211206783,0.22865390156441603
10.5172,117.8868900467805,-0.25281,1.82808,0.5367566207685187,0.892375506862384,1.02427732828951,0.22908738485621538
10.54442,117.58256973830707,-0.255507,1.82,0.5388307767071525,0.8894775452854968,1.023072482069141,0.22935624194847107
10.57163,117.27992750408403,-0.257336,1.81268,0.5407707198080777,0.8869946885953675,1.0218099517994492,0.22951171762035685
10.59884,116.97883919372309,-0.258675,1.80624,0.542509607218919,0.8848710790266741,1.0206232539472293,0.2296108333206383
10.62605,116.6792928698811,-0.259897,1.80064,0.5440245122966957,0.8830069512984846,1.0196069223193045,0.2297085378996099
10.65326,116.38127671717389,-0.261312,1.79568,0.5453434545122746,0.8812723161105933,1.0187997325985756,0.2298486654656232
10.68047,116.08477904062273,-0.263097,1.79109,0.5465266692950536,0.8795491203681604,1.0181864540153758,0.23005429648230816
10.70768,115.78978826412444,-0.265271,1.78656,0.5476607760232436,0.8777458469348955,1.0176977801938338,0.23032401848915862
10.7349,115.49618533940698,-0.267698,1.78185,0.5488269751862872,0.8758278172430904,1.0172376150422262,0.23063369954683452
10.76211,115.20417464604989,-0.270145,1.77687,0.5500727731543935,0.8738258761154055,1.0167185755010362,0.23094618494599478
10.78932,114.91363681863174,-0.272401,1.77167,0.5514038856979846,0.8718050303592088,1.0160930129469552,0.23122928800552583
10.81653,114.62456074175358,-0.274401,1.76644,0.5527714928479691,0.8698347115362595,1.0153883126141288,0.23147516658901174
10.84374,114.33693541158307,-0.276218,1.76129,0.5541368213884716,0.8679284736907107,1.0146515832753067,0.23169641807626856
10.87095,114.05074993445834,-0.277961,1.75624,0.5554836422871723,0.8660656622353682,1.0139185032847498,0.23191028477352063
10.89816,113.76599352551254,-0.279724,1.75124,0.5568176556186121,0.8642092712524044,1.0132036638892559,0.23213100376588783
10.92538,113.48255163664787,-0.281553,1.74613,0.5581825068673837,0.862302357285526,1.0124812864345567,0.23236411673534887
10.95259,113.20062195334619,-0.283328,1.74075,0.5596393559164166,0.8603280777720885,1.0116780127110685,0.23258872807253378
10.9798,112.92008961911874,-0.284786,1.73507,0.5612259968948365,0.8583415326507576,1.0107107334313077,0.23276210537868575
11.00701,112.64094427096914,-0.285739,1.72929,0.5629033059257217,0.8564458687998432,1.009573437737106,0.23285546802488666
11.03422,112.36317564812012,-0.286222,1.72365,0.564595733856904,0.8547019370759611,1.008333973067158,0.23287612298521745
11.06143,112.08677359075635,-0.286377,1.71822,0.5662672343341327,0.8530957908136979,1.0070498638617895,0.2328470911010673
11.08864,111.81172803878563,-0.286238,1.71295,0.5679297840447346,0.8516052093510774,1.0057183664395775,0.23277276963519816
11.11585,111.53802903061843,-0.285713,1.70788,0.5695807793423158,0.8502648710685806,1.004322334200166,0.23263776834338093
11.14307,111.26556685006913,-0.284754,1.70319,0.5711682392473454,0.8491394935503527,1.0028917586195178,0.23243514022481274
11.17028,110.99453191862692,-0.283492,1.6991,0.5726064499935879,0.84826167560476,1.0015187818008182,0.2321879599931072
11.19749,110.72481422175862,-0.282214,1.69574,0.5738197461022696,0.8475993675137476,1.0003192929308646,0.2319446863208285
11.2247,110.45640418006717,-0.281238,1.69299,0.5748087729859211,0.8470397083647704,0.9993569270018972,0.23175704197910643
11.25191,110.18929230681724,-0.280748,1.69057,0.575641279874401,0.8464558329854655,0.9986167819514742,0.23165326294641597
11.27912,109.92346920681754,-0.280687,1.68817,0.5764223681267637,0.8457713693246954,0.9980061167995767,0.23162130023011138
11.30633,109.6589255753193,-0.280847,1.68563,0.5772263596248509,0.8449908740902747,0.9974249732665844,0.23162528665040277
11.33355,109.39555567320035,-0.281054,1.68298,0.5780629480933762,0.8441659574608087,0.9968300576004536,0.23163659649205584
11.36076,109.13354388262755,-0.281257,1.6803,0.5789120181075994,0.8433325240355668,0.9962262524628629,0.23164745494042346
11.38797,108.87278417487929,-0.281459,1.67757,0.5797798626499918,0.8424839532798325,0.9956094673786579,0.23165821135899975
11.41518,108.61326759630597,-0.281621,1.67476,0.5806808849726528,0.8416210778452524,0.9949608226826845,0.23166207753948023
11.44239,108.35498527842522,-0.281647,1.67184,0.5816362064953923,0.8407588518037521,0.994244661482456,0.23164261855359358
11.4696,108.09792843691149,-0.281428,1.66884,0.5826490114139864,0.8399330990290849,0.9934362641078704,0.23158157158795098
11.49681,107.84208837060018,-0.280856,1.66582,0.5837125142669541,0.8391883438159494,0.9925185521674424,0.2314609249422152
11.52403,107.5873631012762,-0.279827,1.66289,0.5848026427138339,0.8385830124305309,0.9914880073591733,0.231263600823655
11.55124,107.3339312489395,-0.278277,1.66022,0.5858700095816692,0.8381834801781839,0.9903678843963046,0.23097971516068866
11.57845,107.08169055443517,-0.276214,1.65802,0.5868423267507972,0.8380501655112147,0.9892128587484973,0.23061203442038664
11.60566,106.83063263959136,-0.273756,1.65651,0.5876299979457933,0.8382189987165592,0.9881128932512676,0.23018240770374884
11.63287,106.58074920462447,-0.271106,1.65579,0.5881734463018091,0.8386690624608383,0.9871533803462061,0.22972654437287457
11.66008,106.3320320272245,-0.268461,1.65588,0.5884414301634088,0.8393569213503587,0.9863980136936369,0.22927868739474197
11.68729,106.0844729616532,-0.265949,1.65674,0.5884320403538736,0.8402383675235374,0.9858749993070213,0.2288608591083521
11.71451,105.83797359001784,-0.263663,1.65835,0.5881418529840847,0.8412836127166828,0.98560697898586,0.22848921134578215
11.74172,105.59270703099715,-0.261728,1.66069,0.587565177431888,0.8424547227951545,0.9856256692882246,0.22818512527904447
11.76893,105.34857459429192,-0.260296,1.66373,0.5866980897174178,0.8437040294113232,0.9859677932087351,0.2279741397644004
11.79614,105.10556843170733,-0.259521,1.66736,0.5855644705658527,0.8449600814550938,0.9866501605192181,0.22788090815118822
11.82335,104.86368076729522,-0.259547,1.67139,0.5842163789247327,0.846130969494633,0.9876662480503864,0.2279270714797042
11.85056,104.62290389652472,-0.26042,1.6755,0.5827585227487556,0.8471120160324086,0.9889483139712064,0.22811609210842673
11.87777,104.3832301854641,-0.261938,1.67936,0.5813224293407047,0.8478582197392881,0.9903542602419979,0.2284099043823154
11.90499,104.14456459014245,-0.263695,1.68289,0.5799761491283427,0.8484483311577251,0.9917457187426265,0.22873956783987323
11.9322,103.90707497360084,-0.265375,1.6863,0.5786828156606056,0.8490225200589325,0.9930831987135925,0.22905468166188458
11.95941,103.67066602783916,-0.266947,1.6899,0.577344341661404,0.8496785805125098,0.9944348596975839,0.2293534470729774
11.98662,103.43533039338863,-0.268541,1.69386,0.5758929179943492,0.8504333776060204,0.9958804796492319,0.2296592600905857
12.01383,103.20106077745397,-0.270248,1.69819,0.574317567537673,0.851267005699535,0.997448502426392,0.22998725017053145
12.04104,102.96784995316018,-0.272058,1.7029,0.5726181720044236,0.8521846274254841,0.9991379480433676,0.23033579282486724
12.06825,102.73569075880926,-0.273946,1.70813,0.5707551339540139,0.8532326616242459,1.0009755116197374,0.23070220389281196
12.09547,102.50449135089417,-0.275995,1.71409,0.568656949311686,0.8544508622086219,1.0030360292277927,0.23110232115474347
12.12268,102.27441456839576,-0.278459,1.72094,0.5662525599385373,0.855822312283583,1.0054306690182166,0.23157926194381803
12.14989,102.04536831197649,-0.28171,1.7287,0.5635048456640122,0.8572611665599584,1.0082691643067048,0.23219326100192447
12.1771,101.81734567343621,-0.286099,1.73715,0.5604536327904389,0.858618900918349,1.011595480918254,0.23299755393493105
12.20431,101.59033980618322,-0.291826,1.74592,0.5571968224255913,0.8597426859177754,1.0153735696723205,0.2340184950113638
12.23152,101.36434392454903,-0.298878,1.7546,0.553859888138645,0.8605217520745384,1.0194977615441014,0.2352475943614624
12.25873,101.13935130311215,-0.307025,1.76282,0.5505717765250265,0.8609100023087247,1.0238120101245192,0.23664268621239087
12.28594,100.91535527603097,-0.315926,1.77046,0.5473948865625752,0.8609589109074091,1.0281907635603775,0.23814749405436808
12.31316,100.69226746018082,-0.325302,1.77756,0.5443386042451507,0.8607493188561143,1.0325654409824419,0.23971803120133062
12.34037,100.47024521955176,-0.334947,1.78421,0.5413924038372666,0.8603575770600758,1.036900265408725,0.24132271833947244
12.36758,100.24919992431825,-0.344719,1.79058,0.5385190171556041,0.859866683285092,1.0411962893824125,0.2429407834793913
12.39479,100.0291251404824,-0.354605,1.79688,0.535658959482872,0.8593400205031504,1.0455000099657366,0.24457203849981546
12.422,99.81001449042022,-0.364703,1.8032,0.5327757359825237,0.8587806854047724,1.0498605934238556,0.24623282049496273
12.44921,99.59186165226548,-0.375047,1.80949,0.529878595629098,0.8581671389828737,1.0542759783045665,0.24792818720800172
12.47642,99.37466035930179,-0.385505,1.81573,0.5269875238377589,0.8575249236664154,1.0587039221184984,0.24963684636101177
12.50364,99.15832509573211,-0.395907,1.82206,0.5240857211380068,0.8569332991502887,1.0631282515259382,0.25133211682899087
12.53085,98.94300865464035,-0.406196,1.82875,0.5211120919535055,0.856481867881256,1.0675941129518116,0.2530055096836449
12.55806,98.72862528129345,-0.416397,1.836,0.5180174040548986,0.8562211979325781,1.0721528528102229,0.254660836525576
12.58527,98.51516892367029,-0.42649,1.84412,0.5147330954134521,0.8562432005203972,1.076866945558927,0.256294539867938
12.61248,98.30263358197594,-0.436576,1.8536,0.5111360761679314,0.8566630569898167,1.081872262890189,0.2579221648615976
12.63969,98.09101330807954,-0.447123,1.86501,0.5070467873745,0.857535863200479,1.0874239084529045,0.2596168568714913
12.6669,97.88030220495938,-0.458998,1.87871,0.5022979295295336,0.858769333241401,1.09383854737154,0.2615128984345493
12.69412,97.67041748463068,-0.473283,1.89459,0.4968154884520546,0.860095139967399,1.1013839701918398,0.2637748484468074
12.72133,97.46150756249543,-0.490944,1.912,0.490662778284574,0.8611271137877543,1.1101729172072374,0.26654503290119425
12.74854,97.25348941918054,-0.512632,1.92993,0.484004528188395,0.8614583179032581,1.1201528616598322,0.26991492495844094
12.77575,97.04635735671094,-0.538526,1.94711,0.4770869568710884,0.860721729790796,1.131091462320382,0.2739058011422242
12.80296,96.84010572555096,-0.568239,1.96231,0.47017697960418503,0.8586877529882051,1.142621397109267,0.278459707267287
12.83017,96.63472892409062,-0.600834,1.97461,0.46351410078560906,0.8553255559397778,1.154303169294657,0.2834442027691801
12.85738,96.43022139813866,-0.635122,1.98371,0.4572356143098696,0.8508175770394043,1.1657669361408405,0.2886940957968017
12.8846,96.22650295701844,-0.67014,1.98992,0.4513447548557432,0.8454557205538611,1.1768327729194359,0.294077339379757
12.91181,96.02371782112655,-0.705279,1.99372,0.44578921400769594,0.8394972527546142,1.1874487935833462,0.29951193786670144
12.93902,95.82178557572367,-0.740187,1.99564,0.44049430920115834,0.833156570075485,1.1976380380816012,0.3049498700171703
12.96623,95.62070085136543,-0.774634,1.99631,0.43537064422867483,0.8266498760483925,1.207470089720993,0.3103541060853211
12.99344,95.42045832358482,-0.808699,1.99646,0.4302857767307155,0.8201619707269884,1.2171132479053777,0.3157268515364625
13.02065,95.22105271242219,-0.84286,1.99668,0.4250838379981181,0.8137657992174194,1.2268148906725762,0.3211293821445016
13.04786,95.02247878196117,-0.877779,1.99723,0.41963694528164847,0.8074129467496252,1.2368082578067277,0.3266559515481271
13.07508,94.82465881661909,-0.914068,1.99805,0.4138699631563681,0.8009807282097327,1.2472522306908869,0.33240058047295584
13.10229,94.62773301461041,-0.952162,1.99894,0.4077494218064302,0.7943451511491894,1.2582313853795846,0.3384344791941379
13.1295,94.43162344339083,-0.992447,1.99971,0.40124273812294126,0.7873987624635609,1.2698203853809984,0.34482233801995105
13.15671,94.23632503870648,-1.0353,2.00013,0.3943189347628515,0.7800292946536972,1.2820864637449163,0.35163028004033214
13.18392,94.04183277811151,-1.08113,1.99991,0.3869433940390644,0.7721073715973062,1.2950983720454985,0.35893368729586705
13.21113,93.84814168053754,-1.1303,1.99866,0.37909268645242483,0.7634891958705657,1.308898679123439,0.36680754757182
13.23834,93.6552468058684,-1.18317,1.99599,0.37073536140994306,0.754037868130157,1.3235343239124069,0.3753300262026374
13.26556,93.46307279903749,-1.24022,1.99145,0.36181744469427257,0.7435874272832411,1.3390826195622545,0.3846053389562778
13.29277,93.27175599969004,-1.302,1.98437,0.35228035852898554,0.7319081528188272,1.355614083787369,0.3947665180263114
13.31998,93.08122084267394,-1.36899,1.97379,0.3420791406828735,0.7187100905225321,1.3731475500538557,0.40596317556152955
13.34719,92.89146254754746,-1.44158,1.95854,0.33116832255235534,0.7036683348937874,1.3916641568755717,0.4183615760798627
13.3744,92.70247637277186,-1.52004,1.9373,0.3194938817628807,0.686443208187209,1.4111145517166026,0.43214423646741545
13.40161,92.51425761531637,-1.6046,1.9084,0.30697802092061327,0.6666098807130308,1.4314219269887691,0.44754834613177913
13.42882,92.32680161026806,-1.69531,1.86979,0.29352182777708763,0.6436667071322394,1.4524520060471742,0.46486608615458314
13.45603,92.1401037304465,-1.79206,1.81884,0.2789778241455243,0.616969243641525,1.4740118885543616,0.4844950861041418
13.48325,91.95409118721376,-1.89439,1.75175,0.26313055908213245,0.5855734204579988,1.4957560732776185,0.5070235016874034
13.51046,91.7688960997627,-2.00011,1.66301,0.24578770470189024,0.5482023877582667,1.51678471047933,0.5332030839700662
13.53767,91.5844454769543,-2.10333,1.54584,0.22687504795510896,0.5034684021689761,1.5351906826132649,0.563834891118543
13.56488,91.40073483878957,-2.19185,1.39502,0.2066608358926516,0.45071137484990614,1.547575763385784,0.5993279768115981
